Wall time,Step,Value
1555882440.3645983,0,0.586904764175415
1555882456.845568,1,0.6678571701049805
1555882473.413508,2,0.7246031761169434
1555882489.932795,3,0.7607936716079712
1555882506.8135047,4,0.7888888716697693
